Workbook
Name formulaPerformanceSheet: 'Formula_Sheet'!$L$6:$L$35

Sheet Summary
D2: Lighthouse Insights
B3: Production | D3: Performance
B4: Page | C4: Device | D4: With Cache | E4: Without Cache | G4: Analysis Results
D6: Aug 19, 2025, 4:10:43 PM | E6: Aug 19, 2025, 4:11:42 PM | G6: =IF(OR(ISBLANK(D6),ISBLANK(E6),TEXT(D6,"mmmm d, yyyy, h:mm:ss am/pm")<>D6,TEXT(E6,"mmmm d, yyyy, h:mm:ss am/pm")<>E6), "Kindly add Analysis Timestamp!", IF(OR(Formula_Sheet!L6=0,Formula_Sheet!L7=0), "Fill performance score for Home page first!", "The best recorded performance score was in " & Formula_Sheet!J6 & " devices " & Formula_Sheet!J7 & ", at " & Formula_Sheet!L6 & CHAR(10) & "The worst recorded performance score was in " & Formula_Sheet!K6 & " devices " & Formula_Sheet!K7 & ", at " & Formula_Sheet!L7 & CHAR(10) & "Refer to " & Formula_Sheet!B7 & " tab for the best and worst insight, links for full diagnostic readings and recommendations for improvement." )) -> Kindly add Analysis Timestamp!
B7: 01_Home | C7: Desktop | D7: 77 | E7: 86
C8: Mobile | D8: 71 | E8: 87
D10: Aug 19, 2025, 4:12:35 PM | E10: Aug 19, 2025, 4:12:19 PM | G10: =IF(OR(ISBLANK(D10),ISBLANK(E10),TEXT(D10,"mmmm d, yyyy, h:mm:ss am/pm")<>D10,TEXT(E10,"mmmm d, yyyy, h:mm:ss am/pm")<>E10), "Kindly add Analysis Timestamp!", IF(OR(Formula_Sheet!L10=0,Formula_Sheet!L11=0), "Fill performance score for Testing page first!", "The best recorded performance score was in " & Formula_Sheet!J10 & " devices " & Formula_Sheet!J11 & ", at " & Formula_Sheet!L10 & CHAR(10) & "The worst recorded performance score was in " & Formula_Sheet!K10 & " devices " & Formula_Sheet!K11 & ", at " & Formula_Sheet!L11 & CHAR(10) & "Refer to " & Formula_Sheet!B11 & " tab for the best and worst insight, links for full diagnostic readings and recommendations for improvement." )) -> Kindly add Analysis Timestamp!
B11: 02_Testing | C11: Desktop | D11: 78 | E11: 77
C12: Mobile | D12: 68 | E12: 71
D14: Aug 19, 2025, 4:13:13 PM | E14: Aug 19, 2025, 4:13:28 PM | G14: =IF(OR(ISBLANK(D14),ISBLANK(E14),TEXT(D14,"mmmm d, yyyy, h:mm:ss am/pm")<>D14,TEXT(E14,"mmmm d, yyyy, h:mm:ss am/pm")<>E14), "Kindly add Analysis Timestamp!", IF(OR(Formula_Sheet!L14=0,Formula_Sheet!L15=0), "Fill performance score for About page first!", "The best recorded performance score was in " & Formula_Sheet!J14 & " devices " & Formula_Sheet!J15 & ", at " & Formula_Sheet!L14 & CHAR(10) & "The worst recorded performance score was in " & Formula_Sheet!K14 & " devices " & Formula_Sheet!K15 & ", at " & Formula_Sheet!L15 & CHAR(10) & "Refer to " & Formula_Sheet!B15 & " tab for the best and worst insight, links for full diagnostic readings and recommendations for improvement." )) -> Kindly add Analysis Timestamp!
B15: 03_About | C15: Desktop | D15: 95 | E15: 94
C16: Mobile | D16: 92 | E16: 93
D18: Aug 19, 2025, 4:14:19 PM | E18: Aug 19, 2025, 4:15:44 PM | G18: =IF(OR(ISBLANK(D18),ISBLANK(E18),TEXT(D18,"mmmm d, yyyy, h:mm:ss am/pm")<>D18,TEXT(E18,"mmmm d, yyyy, h:mm:ss am/pm")<>E18), "Kindly add Analysis Timestamp!", IF(OR(Formula_Sheet!L18=0,Formula_Sheet!L19=0), "Fill performance score for News page first!", "The best recorded performance score was in " & Formula_Sheet!J18 & " devices " & Formula_Sheet!J19 & ", at " & Formula_Sheet!L18 & CHAR(10) & "The worst recorded performance score was in " & Formula_Sheet!K18 & " devices " & Formula_Sheet!K19 & ", at " & Formula_Sheet!L19 & CHAR(10) & "Refer to " & Formula_Sheet!B19 & " tab for the best and worst insight, links for full diagnostic readings and recommendations for improvement." )) -> Kindly add Analysis Timestamp!
B19: 04_News | C19: Desktop | D19: 80 | E19: 84
C20: Mobile | D20: 68 | E20: 68
D22: Aug 19, 2025, 4:16:05 PM | E22: Aug 19, 2025, 4:16:56 PM | G22: =IF(OR(ISBLANK(D22),ISBLANK(E22),TEXT(D22,"mmmm d, yyyy, h:mm:ss am/pm")<>D22,TEXT(E22,"mmmm d, yyyy, h:mm:ss am/pm")<>E22), "Kindly add Analysis Timestamp!", IF(OR(Formula_Sheet!L22=0,Formula_Sheet!L23=0), "Fill performance score for Careers page first!", "The best recorded performance score was in " & Formula_Sheet!J22 & " devices " & Formula_Sheet!J23 & ", at " & Formula_Sheet!L22 & CHAR(10) & "The worst recorded performance score was in " & Formula_Sheet!K22 & " devices " & Formula_Sheet!K23 & ", at " & Formula_Sheet!L23 & CHAR(10) & "Refer to " & Formula_Sheet!B23 & " tab for the best and worst insight, links for full diagnostic readings and recommendations for improvement." )) -> Kindly add Analysis Timestamp!
B23: 05_Careers | C23: Desktop | D23: 93 | E23: 93
C24: Mobile | D24: 87 | E24: 92
D26: Aug 19, 2025, 4:17:53 PM | E26: Aug 19, 2025, 4:17:34 PM | G26: =IF(OR(ISBLANK(D26),ISBLANK(E26),TEXT(D26,"mmmm d, yyyy, h:mm:ss am/pm")<>D26,TEXT(E26,"mmmm d, yyyy, h:mm:ss am/pm")<>E26), "Kindly add Analysis Timestamp!", IF(OR(Formula_Sheet!L26=0,Formula_Sheet!L27=0), "Fill performance score for Contact page first!", "The best recorded performance score was in " & Formula_Sheet!J26 & " devices " & Formula_Sheet!J27 & ", at " & Formula_Sheet!L26 & CHAR(10) & "The worst recorded performance score was in " & Formula_Sheet!K26 & " devices " & Formula_Sheet!K27 & ", at " & Formula_Sheet!L27 & CHAR(10) & "Refer to " & Formula_Sheet!B27 & " tab for the best and worst insight, links for full diagnostic readings and recommendations for improvement." )) -> Kindly add Analysis Timestamp!
B27: 06_Contact | C27: Desktop | D27: 84 | E27: 84
C28: Mobile | D28: 94 | E28: 93
D30: Aug 19, 2025, 4:18:41 PM | E30: Aug 19, 2025, 4:18:57 PM | G30: =IF(OR(ISBLANK(D30),ISBLANK(E30),TEXT(D30,"mmmm d, yyyy, h:mm:ss am/pm")<>D30,TEXT(E30,"mmmm d, yyyy, h:mm:ss am/pm")<>E30), "Kindly add Analysis Timestamp!", IF(OR(Formula_Sheet!L30=0,Formula_Sheet!L31=0), "Fill performance score for Privacy page first!", "The best recorded performance score was in " & Formula_Sheet!J30 & " devices " & Formula_Sheet!J31 & ", at " & Formula_Sheet!L30 & CHAR(10) & "The worst recorded performance score was in " & Formula_Sheet!K30 & " devices " & Formula_Sheet!K31 & ", at " & Formula_Sheet!L31 & CHAR(10) & "Refer to " & Formula_Sheet!B31 & " tab for the best and worst insight, links for full diagnostic readings and recommendations for improvement." )) -> Kindly add Analysis Timestamp!
B31: 07_Privacy | C31: Desktop | D31: 90 | E31: 93
C32: Mobile | D32: 90 | E32: 86
D34: Aug 19, 2025, 4:20:35 PM | E34: Aug 19, 2025, 4:20:58 PM | G34: =IF(OR(ISBLANK(D34),ISBLANK(E34),TEXT(D34,"mmmm d, yyyy, h:mm:ss am/pm")<>D34,TEXT(E34,"mmmm d, yyyy, h:mm:ss am/pm")<>E34), "Kindly add Analysis Timestamp!", IF(OR(Formula_Sheet!L34=0,Formula_Sheet!L35=0), "Fill performance score for Game Testing page first!", "The best recorded performance score was in " & Formula_Sheet!J34 & " devices " & Formula_Sheet!J35 & ", at " & Formula_Sheet!L34 & CHAR(10) & "The worst recorded performance score was in " & Formula_Sheet!K34 & " devices " & Formula_Sheet!K35 & ", at " & Formula_Sheet!L35 & CHAR(10) & "Refer to " & Formula_Sheet!B35 & " tab for the best and worst insight, links for full diagnostic readings and recommendations for improvement." )) -> Kindly add Analysis Timestamp!
B35: 08_Game Testing | C35: Desktop | D35: 92 | E35: 80
C36: Mobile | D36: 70 | E36: 74
C38: 0 to 49 | D38: Poor | G38: {=IF(OR(Formula_Sheet!J39=0,Formula_Sheet!K39=0), "Kindly, fill the Performance Score first!", "The best recorded performance score was in the " & Formula_Sheet!J46 & " page for " & INDIRECT(Formula_Sheet!J43) & " devices " & Formula_Sheet!J35 & ", at " & Formula_Sheet!J39 & CHAR(10) & "Refer to " & Formula_Sheet!J45 & " tab for the best insight, links for full diagnostic readings and recommendations for improvement." & CHAR(10) & CHAR(10) & "The worst recorded performance score was in the " & Formula_Sheet!K46 & " page for " & INDIRECT(Formula_Sheet!K43) & " devices " & Formula_Sheet!K35 & ", at " & Formula_Sheet!K39 & CHAR(10) & "Refer to " & Formula_Sheet!K45 & " tab for the worst insight, links for full diagnostic readings and recommendations for improvement." )} -> Kindly, fill the Performance Score first!
C39: 50 to 89 | D39: Needs Improvement
C40: 90 to 100 | D40: Good

Sheet 01_Home
C2: =Summary!D6 -> 0
B3: =Summary!B7 -> 01_Home | C3: Desktop | D3: With Cache | E3: =HYPERLINK(".\html-08-19-2025-04-10-33-PM\www_cheqsystems_com-Desktop-Normal.report.html", "https://www.cheqsystems.com — Desktop-Normal")
D4: Without Cache | E4: =HYPERLINK(".\html-08-19-2025-04-10-33-PM\www_cheqsystems_com-Desktop-Incognito.report.html", "https://www.cheqsystems.com — Desktop-Incognito")
C5: Mobile | D5: With Cache | E5: =HYPERLINK(".\html-08-19-2025-04-10-33-PM\www_cheqsystems_com-Mobile-Normal.report.html", "https://www.cheqsystems.com — Mobile-Normal")
D6: Without Cache | E6: =HYPERLINK(".\html-08-19-2025-04-10-33-PM\www_cheqsystems_com-Mobile-Incognito.report.html", "https://www.cheqsystems.com — Mobile-Incognito")
B8: Best Insight
B9: URL: | C9: =E3 -> 0
B10: Diagnostic: | C10: Defer offscreen images
B11: Recommendation: | C11: Learn how to defer offscreen images
B24: Worst Insight
B25: URL: | C25: =E5 -> 0
B26: Diagnostic: | C26: Reduce JavaScript execution time — 1.6 s
B27: Recommendation: | C27: Learn how to reduce Javascript execution time

Sheet 02_Testing
C2: =Summary!D10 -> 0
B3: =Summary!B11 -> 02_Testing | C3: Desktop | D3: With Cache | E3: =HYPERLINK(".\html-08-19-2025-04-10-33-PM\www_cheqsystems_com_testing-services-Desktop-Normal.report.html", "https://www.cheqsystems.com/testing-services — Desktop-Normal")
D4: Without Cache | E4: =HYPERLINK(".\html-08-19-2025-04-10-33-PM\www_cheqsystems_com_testing-services-Desktop-Incognito.report.html", "https://www.cheqsystems.com/testing-services — Desktop-Incognito")
C5: Mobile | D5: With Cache | E5: =HYPERLINK(".\html-08-19-2025-04-10-33-PM\www_cheqsystems_com_testing-services-Mobile-Normal.report.html", "https://www.cheqsystems.com/testing-services — Mobile-Normal")
D6: Without Cache | E6: =HYPERLINK(".\html-08-19-2025-04-10-33-PM\www_cheqsystems_com_testing-services-Mobile-Incognito.report.html", "https://www.cheqsystems.com/testing-services — Mobile-Incognito")
B8: Best Insight
B9: URL: | C9: =E3 -> 0
B10: Diagnostic: | C10: Defer offscreen images
B11: Recommendation: | C11: Learn how to defer offscreen images
B24: Worst Insight
B25: URL: | C25: =E5 -> 0
B26: Diagnostic: | C26: Largest Contentful Paint element — 5,840 ms
B27: Recommendation: | C27: Learn more about the Largest Contentful Paint element

Sheet 03_About
C2: =Summary!D14 -> 0
B3: =Summary!B15 -> 03_About | C3: Desktop | D3: With Cache | E3: =HYPERLINK(".\html-08-19-2025-04-10-33-PM\www_cheqsystems_com_about-Desktop-Normal.report.html", "https://www.cheqsystems.com/about — Desktop-Normal")
D4: Without Cache | E4: =HYPERLINK(".\html-08-19-2025-04-10-33-PM\www_cheqsystems_com_about-Desktop-Incognito.report.html", "https://www.cheqsystems.com/about — Desktop-Incognito")
C5: Mobile | D5: With Cache | E5: =HYPERLINK(".\html-08-19-2025-04-10-33-PM\www_cheqsystems_com_about-Mobile-Normal.report.html", "https://www.cheqsystems.com/about — Mobile-Normal")
D6: Without Cache | E6: =HYPERLINK(".\html-08-19-2025-04-10-33-PM\www_cheqsystems_com_about-Mobile-Incognito.report.html", "https://www.cheqsystems.com/about — Mobile-Incognito")
B8: Best Insight
B9: URL: | C9: =E3 -> 0
B10: Diagnostic: | C10: Properly size images
B11: Recommendation: | C11: Learn how to size images
B24: Worst Insight
B25: URL: | C25: =E5 -> 0
B26: Diagnostic: | C26: Eliminate render-blocking resources — Est savings of 230 ms
B27: Recommendation: | C27: Learn how to eliminate render-blocking resources

Sheet 04_News
C2: =Summary!D18 -> 0
B3: =Summary!B19 -> 04_News | C3: Desktop | D3: With Cache | E3: =HYPERLINK(".\html-08-19-2025-04-10-33-PM\www_cheqsystems_com_news-Desktop-Normal.report.html", "https://www.cheqsystems.com/news — Desktop-Normal")
D4: Without Cache | E4: =HYPERLINK(".\html-08-19-2025-04-10-33-PM\www_cheqsystems_com_news-Desktop-Incognito.report.html", "https://www.cheqsystems.com/news — Desktop-Incognito")
C5: Mobile | D5: With Cache | E5: =HYPERLINK(".\html-08-19-2025-04-10-33-PM\www_cheqsystems_com_news-Mobile-Normal.report.html", "https://www.cheqsystems.com/news — Mobile-Normal")
D6: Without Cache | E6: =HYPERLINK(".\html-08-19-2025-04-10-33-PM\www_cheqsystems_com_news-Mobile-Incognito.report.html", "https://www.cheqsystems.com/news — Mobile-Incognito")
B8: Best Insight
B9: URL: | C9: =E3 -> 0
B10: Diagnostic: | C10: Defer offscreen images
B11: Recommendation: | C11: Learn how to defer offscreen images
B24: Worst Insight
B25: URL: | C25: =E5 -> 0
B26: Diagnostic: | C26: Largest Contentful Paint element — 10,020 ms
B27: Recommendation: | C27: Learn more about the Largest Contentful Paint element

Sheet 05_Careers
C2: =Summary!D22 -> 0
B3: =Summary!B23 -> 05_Careers | C3: Desktop | D3: With Cache | E3: =HYPERLINK(".\html-08-19-2025-04-10-33-PM\www_cheqsystems_com_careers-Desktop-Normal.report.html", "https://www.cheqsystems.com/careers — Desktop-Normal")
D4: Without Cache | E4: =HYPERLINK(".\html-08-19-2025-04-10-33-PM\www_cheqsystems_com_careers-Desktop-Incognito.report.html", "https://www.cheqsystems.com/careers — Desktop-Incognito")
C5: Mobile | D5: With Cache | E5: =HYPERLINK(".\html-08-19-2025-04-10-33-PM\www_cheqsystems_com_careers-Mobile-Normal.report.html", "https://www.cheqsystems.com/careers — Mobile-Normal")
D6: Without Cache | E6: =HYPERLINK(".\html-08-19-2025-04-10-33-PM\www_cheqsystems_com_careers-Mobile-Incognito.report.html", "https://www.cheqsystems.com/careers — Mobile-Incognito")
B8: Best Insight
B9: URL: | C9: =E3 -> 0
B10: Diagnostic: | C10: Defer offscreen images
B11: Recommendation: | C11: Learn how to defer offscreen images
B24: Worst Insight
B25: URL: | C25: =E5 -> 0
B26: Diagnostic: | C26: Eliminate render-blocking resources — Est savings of 420 ms
B27: Recommendation: | C27: Learn how to eliminate render-blocking resources

Sheet 06_Contact
C2: =Summary!D26 -> 0
B3: =Summary!B27 -> 06_Contact | C3: Desktop | D3: With Cache | E3: =HYPERLINK(".\html-08-19-2025-04-10-33-PM\www_cheqsystems_com_contact-Desktop-Normal.report.html", "https://www.cheqsystems.com/contact — Desktop-Normal")
D4: Without Cache | E4: =HYPERLINK(".\html-08-19-2025-04-10-33-PM\www_cheqsystems_com_contact-Desktop-Incognito.report.html", "https://www.cheqsystems.com/contact — Desktop-Incognito")
C5: Mobile | D5: With Cache | E5: =HYPERLINK(".\html-08-19-2025-04-10-33-PM\www_cheqsystems_com_contact-Mobile-Normal.report.html", "https://www.cheqsystems.com/contact — Mobile-Normal")
D6: Without Cache | E6: =HYPERLINK(".\html-08-19-2025-04-10-33-PM\www_cheqsystems_com_contact-Mobile-Incognito.report.html", "https://www.cheqsystems.com/contact — Mobile-Incognito")
B8: Best Insight
B9: URL: | C9: =E3 -> 0
B10: Diagnostic: | C10: Properly size images
B11: Recommendation: | C11: Learn how to size images
B24: Worst Insight
B25: URL: | C25: =E5 -> 0
B26: Diagnostic: | C26: Eliminate render-blocking resources — Est savings of 1,200 ms
B27: Recommendation: | C27: Learn how to eliminate render-blocking resources

Sheet 07_Privacy
C2: =Summary!D30 -> 0
B3: =Summary!B31 -> 07_Privacy | C3: Desktop | D3: With Cache | E3: =HYPERLINK(".\html-08-19-2025-04-10-33-PM\www_cheqsystems_com_privacy-policy-Desktop-Normal.report.html", "https://www.cheqsystems.com/privacy-policy — Desktop-Normal")
D4: Without Cache | E4: =HYPERLINK(".\html-08-19-2025-04-10-33-PM\www_cheqsystems_com_privacy-policy-Desktop-Incognito.report.html", "https://www.cheqsystems.com/privacy-policy — Desktop-Incognito")
C5: Mobile | D5: With Cache | E5: =HYPERLINK(".\html-08-19-2025-04-10-33-PM\www_cheqsystems_com_privacy-policy-Mobile-Normal.report.html", "https://www.cheqsystems.com/privacy-policy — Mobile-Normal")
D6: Without Cache | E6: =HYPERLINK(".\html-08-19-2025-04-10-33-PM\www_cheqsystems_com_privacy-policy-Mobile-Incognito.report.html", "https://www.cheqsystems.com/privacy-policy — Mobile-Incognito")
B8: Best Insight
B9: URL: | C9: =E3 -> 0
B10: Diagnostic: | C10: Properly size images
B11: Recommendation: | C11: Learn how to size images
B24: Worst Insight
B25: URL: | C25: =E5 -> 0
B26: Diagnostic: | C26: Eliminate render-blocking resources — Est savings of 1,430 ms
B27: Recommendation: | C27: Learn how to eliminate render-blocking resources

Sheet 08_Game Testing
C2: =Summary!D34 -> 0
B3: =Summary!B35 -> 08_Game Testing | C3: Desktop | D3: With Cache | E3: =HYPERLINK(".\html-08-19-2025-04-10-33-PM\www_cheqsystems_com_game-testing-Desktop-Normal.report.html", "https://www.cheqsystems.com/game-testing — Desktop-Normal")
D4: Without Cache | E4: =HYPERLINK(".\html-08-19-2025-04-10-33-PM\www_cheqsystems_com_game-testing-Desktop-Incognito.report.html", "https://www.cheqsystems.com/game-testing — Desktop-Incognito")
C5: Mobile | D5: With Cache | E5: =HYPERLINK(".\html-08-19-2025-04-10-33-PM\www_cheqsystems_com_game-testing-Mobile-Normal.report.html", "https://www.cheqsystems.com/game-testing — Mobile-Normal")
D6: Without Cache | E6: =HYPERLINK(".\html-08-19-2025-04-10-33-PM\www_cheqsystems_com_game-testing-Mobile-Incognito.report.html", "https://www.cheqsystems.com/game-testing — Mobile-Incognito")
B8: Best Insight
B9: URL: | C9: =E3 -> 0
B10: Diagnostic: | C10: Defer offscreen images
B11: Recommendation: | C11: Learn how to defer offscreen images
B24: Worst Insight
B25: URL: | C25: =E5 -> 0
B26: Diagnostic: | C26: Avoid large layout shifts — 1 layout shift found
B27: Recommendation: | C27: Learn how to improve CLS

Sheet Formula_Sheet
J5: Best | K5: Worst | L5: Performance Value | M5: Device Selector | N5: Cell with Highest | O5: Cell with Lowest
I6: Device: | J6: {=INDIRECT(M6)} -> Desktop | K6: {=INDIRECT(M7)} -> Desktop | L6: =MAX(Summary!D7:E8) -> 0 | M6: =IF(LEFT(MID(N6,FIND("!",N6)+1,LEN(N6)),1)="D", LEFT(N6,FIND("!",N6)) & CHAR(CODE(LEFT(MID(N6,FIND("!",N6)+1,LEN(N6)),1))-1) & MID(MID(N6,FIND("!",N6)+1,LEN(N6)),2,LEN(MID(N6,FIND("!",N6)+1,LEN(N6)))), LEFT(N6,FIND("!",N6)) & CHAR(CODE(LEFT(MID(N6,FIND("!",N6)+1,LEN(N6)),1))-2) & MID(MID(N6,FIND("!",N6)+1,LEN(N6)),2,LEN(MID(N6,FIND("!",N6)+1,LEN(N6)))) ) -> Summary!C7 | N6: {="Summary!" & ADDRESS(MIN(IF(Summary!D7:E8=L6,ROW(Summary!D7:E8))), MIN(IF(Summary!D7:E8=L6,COLUMN(Summary!D7:E8))), 4)} -> Summary!D7 | O6: {="Summary!" & ADDRESS(MIN(IF(Summary!D7:E8=L7,ROW(Summary!D7:E8))), MIN(IF(Summary!D7:E8=L7,COLUMN(Summary!D7:E8))), 4)} -> Summary!D7
I7: Cache: | J7: =IF(J6="Desktop",IF(Summary!D7=Summary!E7,"with and without cache",(IF(Summary!D7>Summary!E7,"with cache","without cache"))),IF(Summary!D8=Summary!E8,"with and without cache",(IF(Summary!D8>Summary!E8,"with cache","without cache")))) -> with and without cache | K7: =IF(K6="Desktop",IF(Summary!D7=Summary!E7,"with and without cache",IF(Summary!D7<Summary!E7,"with cache","without cache")),IF(Summary!D8=Summary!E8,"with and without cache",IF(Summary!D8<Summary!E8,"with cache","without cache"))) -> with and without cache | L7: =MIN(Summary!D7:E8) -> 0 | M7: =IF(LEFT(MID(O6,FIND("!",O6)+1,LEN(O6)),1)="D", LEFT(O6,FIND("!",O6)) & CHAR(CODE(LEFT(MID(O6,FIND("!",O6)+1,LEN(O6)),1))-1) & MID(MID(O6,FIND("!",O6)+1,LEN(O6)),2,LEN(MID(O6,FIND("!",O6)+1,LEN(O6)))), LEFT(O6,FIND("!",O6)) & CHAR(CODE(LEFT(MID(O6,FIND("!",O6)+1,LEN(O6)),1))-2) & MID(MID(O6,FIND("!",O6)+1,LEN(O6)),2,LEN(MID(O6,FIND("!",O6)+1,LEN(O6)))) ) -> Summary!C7
L9: Performance Value
I10: Device: | J10: {=INDIRECT(M10)} -> Desktop | K10: {=INDIRECT(M11)} -> Desktop | L10: =MAX(Summary!D11:E12) -> 0 | M10: =IF(LEFT(MID(N10,FIND("!",N10)+1,LEN(N10)),1)="D", LEFT(N10,FIND("!",N10)) & CHAR(CODE(LEFT(MID(N10,FIND("!",N10)+1,LEN(N10)),1))-1) & MID(MID(N10,FIND("!",N10)+1,LEN(N10)),2,LEN(MID(N10,FIND("!",N10)+1,LEN(N10)))), LEFT(N10,FIND("!",N10)) & CHAR(CODE(LEFT(MID(N10,FIND("!",N10)+1,LEN(N10)),1))-2) & MID(MID(N10,FIND("!",N10)+1,LEN(N10)),2,LEN(MID(N10,FIND("!",N10)+1,LEN(N10)))) ) -> Summary!C11 | N10: {="Summary!" & ADDRESS(MIN(IF(Summary!D11:E12=L10,ROW(Summary!D11:E12))), MIN(IF(Summary!D11:E12=L10,COLUMN(Summary!D11:E12))), 4)} -> Summary!D11 | O10: {="Summary!" & ADDRESS(MIN(IF(Summary!D11:E12=L11,ROW(Summary!D11:E12))), MIN(IF(Summary!D11:E12=L11,COLUMN(Summary!D11:E12))), 4)} -> Summary!D11
I11: Cache: | J11: =IF(J10="Desktop",IF(Summary!D11=Summary!E11,"with and without cache",(IF(Summary!D11>Summary!E11,"with cache","without cache"))),IF(Summary!D12=Summary!E12,"with and without cache",(IF(Summary!D12>Summary!E12,"with cache","without cache")))) -> with and without cache | K11: =IF(K10="Desktop",IF(Summary!D11=Summary!E11,"with and without cache",IF(Summary!D11<Summary!E11,"with cache","without cache")),IF(Summary!D12=Summary!E12,"with and without cache",IF(Summary!D12<Summary!E12,"with cache","without cache"))) -> with and without cache | L11: =MIN(Summary!D11:E12) -> 0 | M11: =IF(LEFT(MID(O10,FIND("!",O10)+1,LEN(O10)),1)="D", LEFT(O10,FIND("!",O10)) & CHAR(CODE(LEFT(MID(O10,FIND("!",O10)+1,LEN(O10)),1))-1) & MID(MID(O10,FIND("!",O10)+1,LEN(O10)),2,LEN(MID(O10,FIND("!",O10)+1,LEN(O10)))), LEFT(O10,FIND("!",O10)) & CHAR(CODE(LEFT(MID(O10,FIND("!",O10)+1,LEN(O10)),1))-2) & MID(MID(O10,FIND("!",O10)+1,LEN(O10)),2,LEN(MID(O10,FIND("!",O10)+1,LEN(O10)))) ) -> Summary!C11
L13: Performance Value
I14: Device: | J14: {=INDIRECT(M14)} -> Desktop | K14: {=INDIRECT(M15)} -> Desktop | L14: =MAX(Summary!D15:E16) -> 0 | M14: =IF(LEFT(MID(N14,FIND("!",N14)+1,LEN(N14)),1)="D", LEFT(N14,FIND("!",N14)) & CHAR(CODE(LEFT(MID(N14,FIND("!",N14)+1,LEN(N14)),1))-1) & MID(MID(N14,FIND("!",N14)+1,LEN(N14)),2,LEN(MID(N14,FIND("!",N14)+1,LEN(N14)))), LEFT(N14,FIND("!",N14)) & CHAR(CODE(LEFT(MID(N14,FIND("!",N14)+1,LEN(N14)),1))-2) & MID(MID(N14,FIND("!",N14)+1,LEN(N14)),2,LEN(MID(N14,FIND("!",N14)+1,LEN(N14)))) ) -> Summary!C15 | N14: {="Summary!" & ADDRESS(MIN(IF(Summary!D15:E16=L14,ROW(Summary!D15:E16))), MIN(IF(Summary!D15:E16=L14,COLUMN(Summary!D15:E16))), 4)} -> Summary!D15 | O14: {="Summary!" & ADDRESS(MIN(IF(Summary!D15:E16=L15,ROW(Summary!D15:E16))), MIN(IF(Summary!D15:E16=L15,COLUMN(Summary!D15:E16))), 4)} -> Summary!D15
I15: Cache: | J15: =IF(J14="Desktop",IF(Summary!D15=Summary!E15,"with and without cache",(IF(Summary!D15>Summary!E15,"with cache","without cache"))),IF(Summary!D16=Summary!E16,"with and without cache",(IF(Summary!D16>Summary!E16,"with cache","without cache")))) -> with and without cache | K15: =IF(K14="Desktop",IF(Summary!D15=Summary!E15,"with and without cache",IF(Summary!D15<Summary!E15,"with cache","without cache")),IF(Summary!D16=Summary!E16,"with and without cache",IF(Summary!D16<Summary!E16,"with cache","without cache"))) -> with and without cache | L15: =MIN(Summary!D15:E16) -> 0 | M15: =IF(LEFT(MID(O14,FIND("!",O14)+1,LEN(O14)),1)="D", LEFT(O14,FIND("!",O14)) & CHAR(CODE(LEFT(MID(O14,FIND("!",O14)+1,LEN(O14)),1))-1) & MID(MID(O14,FIND("!",O14)+1,LEN(O14)),2,LEN(MID(O14,FIND("!",O14)+1,LEN(O14)))), LEFT(O14,FIND("!",O14)) & CHAR(CODE(LEFT(MID(O14,FIND("!",O14)+1,LEN(O14)),1))-2) & MID(MID(O14,FIND("!",O14)+1,LEN(O14)),2,LEN(MID(O14,FIND("!",O14)+1,LEN(O14)))) ) -> Summary!C15
L17: Performance Value
I18: Device: | J18: {=INDIRECT(M18)} -> Desktop | K18: {=INDIRECT(M19)} -> Desktop | L18: =MAX(Summary!D19:E20) -> 0 | M18: =IF(LEFT(MID(N18,FIND("!",N18)+1,LEN(N18)),1)="D", LEFT(N18,FIND("!",N18)) & CHAR(CODE(LEFT(MID(N18,FIND("!",N18)+1,LEN(N18)),1))-1) & MID(MID(N18,FIND("!",N18)+1,LEN(N18)),2,LEN(MID(N18,FIND("!",N18)+1,LEN(N18)))), LEFT(N18,FIND("!",N18)) & CHAR(CODE(LEFT(MID(N18,FIND("!",N18)+1,LEN(N18)),1))-2) & MID(MID(N18,FIND("!",N18)+1,LEN(N18)),2,LEN(MID(N18,FIND("!",N18)+1,LEN(N18)))) ) -> Summary!C19 | N18: {="Summary!" & ADDRESS(MIN(IF(Summary!D19:E20=L18,ROW(Summary!D19:E20))), MIN(IF(Summary!D19:E20=L18,COLUMN(Summary!D19:E20))), 4)} -> Summary!D19 | O18: {="Summary!" & ADDRESS(MIN(IF(Summary!D19:E20=L19,ROW(Summary!D19:E20))), MIN(IF(Summary!D19:E20=L19,COLUMN(Summary!D19:E20))), 4)} -> Summary!D19
I19: Cache: | J19: =IF(J18="Desktop",IF(Summary!D19=Summary!E19,"with and without cache",(IF(Summary!D19>Summary!E19,"with cache","without cache"))),IF(Summary!D20=Summary!E20,"with and without cache",(IF(Summary!D20>Summary!E20,"with cache","without cache")))) -> with and without cache | K19: =IF(K18="Desktop",IF(Summary!D19=Summary!E19,"with and without cache",IF(Summary!D19<Summary!E19,"with cache","without cache")),IF(Summary!D20=Summary!E20,"with and without cache",IF(Summary!D20<Summary!E20,"with cache","without cache"))) -> with and without cache | L19: =MIN(Summary!D19:E20) -> 0 | M19: =IF(LEFT(MID(O18,FIND("!",O18)+1,LEN(O18)),1)="D", LEFT(O18,FIND("!",O18)) & CHAR(CODE(LEFT(MID(O18,FIND("!",O18)+1,LEN(O18)),1))-1) & MID(MID(O18,FIND("!",O18)+1,LEN(O18)),2,LEN(MID(O18,FIND("!",O18)+1,LEN(O18)))), LEFT(O18,FIND("!",O18)) & CHAR(CODE(LEFT(MID(O18,FIND("!",O18)+1,LEN(O18)),1))-2) & MID(MID(O18,FIND("!",O18)+1,LEN(O18)),2,LEN(MID(O18,FIND("!",O18)+1,LEN(O18)))) ) -> Summary!C19
L21: Performance Value
I22: Device: | J22: {=INDIRECT(M22)} -> Desktop | K22: {=INDIRECT(M23)} -> Desktop | L22: =MAX(Summary!D23:E24) -> 0 | M22: =IF(LEFT(MID(N22,FIND("!",N22)+1,LEN(N22)),1)="D", LEFT(N22,FIND("!",N22)) & CHAR(CODE(LEFT(MID(N22,FIND("!",N22)+1,LEN(N22)),1))-1) & MID(MID(N22,FIND("!",N22)+1,LEN(N22)),2,LEN(MID(N22,FIND("!",N22)+1,LEN(N22)))), LEFT(N22,FIND("!",N22)) & CHAR(CODE(LEFT(MID(N22,FIND("!",N22)+1,LEN(N22)),1))-2) & MID(MID(N22,FIND("!",N22)+1,LEN(N22)),2,LEN(MID(N22,FIND("!",N22)+1,LEN(N22)))) ) -> Summary!C23 | N22: {="Summary!" & ADDRESS(MIN(IF(Summary!D23:E24=L22,ROW(Summary!D23:E24))), MIN(IF(Summary!D23:E24=L22,COLUMN(Summary!D23:E24))), 4)} -> Summary!D23 | O22: {="Summary!" & ADDRESS(MIN(IF(Summary!D23:E24=L23,ROW(Summary!D23:E24))), MIN(IF(Summary!D23:E24=L23,COLUMN(Summary!D23:E24))), 4)} -> Summary!D23
I23: Cache: | J23: =IF(J22="Desktop",IF(Summary!D23=Summary!E23,"with and without cache",(IF(Summary!D23>Summary!E23,"with cache","without cache"))),IF(Summary!D24=Summary!E24,"with and without cache",(IF(Summary!D24>Summary!E24,"with cache","without cache")))) -> with and without cache | K23: =IF(K22="Desktop",IF(Summary!D23=Summary!E23,"with and without cache",IF(Summary!D23<Summary!E23,"with cache","without cache")),IF(Summary!D24=Summary!E24,"with and without cache",IF(Summary!D24<Summary!E24,"with cache","without cache"))) -> with and without cache | L23: =MIN(Summary!D23:E24) -> 0 | M23: =IF(LEFT(MID(O22,FIND("!",O22)+1,LEN(O22)),1)="D", LEFT(O22,FIND("!",O22)) & CHAR(CODE(LEFT(MID(O22,FIND("!",O22)+1,LEN(O22)),1))-1) & MID(MID(O22,FIND("!",O22)+1,LEN(O22)),2,LEN(MID(O22,FIND("!",O22)+1,LEN(O22)))), LEFT(O22,FIND("!",O22)) & CHAR(CODE(LEFT(MID(O22,FIND("!",O22)+1,LEN(O22)),1))-2) & MID(MID(O22,FIND("!",O22)+1,LEN(O22)),2,LEN(MID(O22,FIND("!",O22)+1,LEN(O22)))) ) -> Summary!C23
L25: Performance Value
I26: Device: | J26: {=INDIRECT(M26)} -> Desktop | K26: {=INDIRECT(M27)} -> Desktop | L26: =MAX(Summary!D27:E28) -> 0 | M26: =IF(LEFT(MID(N26,FIND("!",N26)+1,LEN(N26)),1)="D", LEFT(N26,FIND("!",N26)) & CHAR(CODE(LEFT(MID(N26,FIND("!",N26)+1,LEN(N26)),1))-1) & MID(MID(N26,FIND("!",N26)+1,LEN(N26)),2,LEN(MID(N26,FIND("!",N26)+1,LEN(N26)))), LEFT(N26,FIND("!",N26)) & CHAR(CODE(LEFT(MID(N26,FIND("!",N26)+1,LEN(N26)),1))-2) & MID(MID(N26,FIND("!",N26)+1,LEN(N26)),2,LEN(MID(N26,FIND("!",N26)+1,LEN(N26)))) ) -> Summary!C27 | N26: {="Summary!" & ADDRESS(MIN(IF(Summary!D27:E28=L26,ROW(Summary!D27:E28))), MIN(IF(Summary!D27:E28=L26,COLUMN(Summary!D27:E28))), 4)} -> Summary!D27 | O26: {="Summary!" & ADDRESS(MIN(IF(Summary!D27:E28=L27,ROW(Summary!D27:E28))), MIN(IF(Summary!D27:E28=L27,COLUMN(Summary!D27:E28))), 4)} -> Summary!D27
I27: Cache: | J27: =IF(J26="Desktop",IF(Summary!D27=Summary!E27,"with and without cache",(IF(Summary!D27>Summary!E27,"with cache","without cache"))),IF(Summary!D28=Summary!E28,"with and without cache",(IF(Summary!D28>Summary!E28,"with cache","without cache")))) -> with and without cache | K27: =IF(K26="Desktop",IF(Summary!D27=Summary!E27,"with and without cache",IF(Summary!D27<Summary!E27,"with cache","without cache")),IF(Summary!D28=Summary!E28,"with and without cache",IF(Summary!D28<Summary!E28,"with cache","without cache"))) -> with and without cache | L27: =MIN(Summary!D27:E28) -> 0 | M27: =IF(LEFT(MID(O26,FIND("!",O26)+1,LEN(O26)),1)="D", LEFT(O26,FIND("!",O26)) & CHAR(CODE(LEFT(MID(O26,FIND("!",O26)+1,LEN(O26)),1))-1) & MID(MID(O26,FIND("!",O26)+1,LEN(O26)),2,LEN(MID(O26,FIND("!",O26)+1,LEN(O26)))), LEFT(O26,FIND("!",O26)) & CHAR(CODE(LEFT(MID(O26,FIND("!",O26)+1,LEN(O26)),1))-2) & MID(MID(O26,FIND("!",O26)+1,LEN(O26)),2,LEN(MID(O26,FIND("!",O26)+1,LEN(O26)))) ) -> Summary!C27
L29: Performance Value
I30: Device: | J30: {=INDIRECT(M30)} -> Desktop | K30: {=INDIRECT(M31)} -> Desktop | L30: =MAX(Summary!D31:E32) -> 0 | M30: =IF(LEFT(MID(N30,FIND("!",N30)+1,LEN(N30)),1)="D", LEFT(N30,FIND("!",N30)) & CHAR(CODE(LEFT(MID(N30,FIND("!",N30)+1,LEN(N30)),1))-1) & MID(MID(N30,FIND("!",N30)+1,LEN(N30)),2,LEN(MID(N30,FIND("!",N30)+1,LEN(N30)))), LEFT(N30,FIND("!",N30)) & CHAR(CODE(LEFT(MID(N30,FIND("!",N30)+1,LEN(N30)),1))-2) & MID(MID(N30,FIND("!",N30)+1,LEN(N30)),2,LEN(MID(N30,FIND("!",N30)+1,LEN(N30)))) ) -> Summary!C31 | N30: {="Summary!" & ADDRESS(MIN(IF(Summary!D31:E32=L30,ROW(Summary!D31:E32))), MIN(IF(Summary!D31:E32=L30,COLUMN(Summary!D31:E32))), 4)} -> Summary!D31 | O30: {="Summary!" & ADDRESS(MIN(IF(Summary!D31:E32=L31,ROW(Summary!D31:E32))), MIN(IF(Summary!D31:E32=L31,COLUMN(Summary!D31:E32))), 4)} -> Summary!D31
I31: Cache: | J31: =IF(J30="Desktop",IF(Summary!D31=Summary!E31,"with and without cache",(IF(Summary!D31>Summary!E31,"with cache","without cache"))),IF(Summary!D32=Summary!E32,"with and without cache",(IF(Summary!D32>Summary!E32,"with cache","without cache")))) -> with and without cache | K31: =IF(K30="Desktop",IF(Summary!D31=Summary!E31,"with and without cache",IF(Summary!D31<Summary!E31,"with cache","without cache")),IF(Summary!D32=Summary!E32,"with and without cache",IF(Summary!D32<Summary!E32,"with cache","without cache"))) -> with and without cache | L31: =MIN(Summary!D31:E32) -> 0 | M31: =IF(LEFT(MID(O30,FIND("!",O30)+1,LEN(O30)),1)="D", LEFT(O30,FIND("!",O30)) & CHAR(CODE(LEFT(MID(O30,FIND("!",O30)+1,LEN(O30)),1))-1) & MID(MID(O30,FIND("!",O30)+1,LEN(O30)),2,LEN(MID(O30,FIND("!",O30)+1,LEN(O30)))), LEFT(O30,FIND("!",O30)) & CHAR(CODE(LEFT(MID(O30,FIND("!",O30)+1,LEN(O30)),1))-2) & MID(MID(O30,FIND("!",O30)+1,LEN(O30)),2,LEN(MID(O30,FIND("!",O30)+1,LEN(O30)))) ) -> Summary!C31
L33: Performance Value
I34: Device: | J34: {=INDIRECT(M34)} -> Desktop | K34: {=INDIRECT(M35)} -> Desktop | L34: =MAX(Summary!D35:E36) -> 0 | M34: =IF(LEFT(MID(N34,FIND("!",N34)+1,LEN(N34)),1)="D", LEFT(N34,FIND("!",N34)) & CHAR(CODE(LEFT(MID(N34,FIND("!",N34)+1,LEN(N34)),1))-1) & MID(MID(N34,FIND("!",N34)+1,LEN(N34)),2,LEN(MID(N34,FIND("!",N34)+1,LEN(N34)))), LEFT(N34,FIND("!",N34)) & CHAR(CODE(LEFT(MID(N34,FIND("!",N34)+1,LEN(N34)),1))-2) & MID(MID(N34,FIND("!",N34)+1,LEN(N34)),2,LEN(MID(N34,FIND("!",N34)+1,LEN(N34)))) ) -> Summary!C35 | N34: {="Summary!" & ADDRESS(MIN(IF(Summary!D35:E36=L34,ROW(Summary!D35:E36))), MIN(IF(Summary!D35:E36=L34,COLUMN(Summary!D35:E36))), 4)} -> Summary!D35 | O34: {="Summary!" & ADDRESS(MIN(IF(Summary!D35:E36=L35,ROW(Summary!D35:E36))), MIN(IF(Summary!D35:E36=L35,COLUMN(Summary!D35:E36))), 4)} -> Summary!D35
I35: Cache: | J35: =IF(J34="Desktop",IF(Summary!D35=Summary!E35,"with and without cache",(IF(Summary!D35>Summary!E35,"with cache","without cache"))),IF(Summary!D36=Summary!E36,"with and without cache",(IF(Summary!D36>Summary!E36,"with cache","without cache")))) -> with and without cache | K35: =IF(K34="Desktop",IF(Summary!D35=Summary!E35,"with and without cache",IF(Summary!D35<Summary!E35,"with cache","without cache")),IF(Summary!D36=Summary!E36,"with and without cache",IF(Summary!D36<Summary!E36,"with cache","without cache"))) -> with and without cache | L35: =MIN(Summary!D35:E36) -> 0 | M35: =IF(LEFT(MID(O34,FIND("!",O34)+1,LEN(O34)),1)="D", LEFT(O34,FIND("!",O34)) & CHAR(CODE(LEFT(MID(O34,FIND("!",O34)+1,LEN(O34)),1))-1) & MID(MID(O34,FIND("!",O34)+1,LEN(O34)),2,LEN(MID(O34,FIND("!",O34)+1,LEN(O34)))), LEFT(O34,FIND("!",O34)) & CHAR(CODE(LEFT(MID(O34,FIND("!",O34)+1,LEN(O34)),1))-2) & MID(MID(O34,FIND("!",O34)+1,LEN(O34)),2,LEN(MID(O34,FIND("!",O34)+1,LEN(O34)))) ) -> Summary!C35
I38: Name | J38: Best | K38: Worst
I39: Record performance value: | J39: =MAX(formulaPerformanceSheet) -> 0 | K39: =MIN(formulaPerformanceSheet) -> 0
I40: Record performance value location: | J40: {=ADDRESS(MIN(IF(Summary!D7:E36=J39,ROW(Summary!D7:E36))), MIN(IF(Summary!D7:E36=J39,COLUMN(Summary!D7:E36))), 4)} -> D7 | K40: {=ADDRESS(MIN(IF(Summary!D7:E36=K39,ROW(Summary!D7:E36))), MIN(IF(Summary!D7:E36=K39,COLUMN(Summary!D7:E36))), 4)} -> D7
I41: With and Without Cache Value Location: | J41: ="Summary!" & IF(LEFT(J40,1)="D", CHAR(CODE(LEFT(J40,1)) + 1)&MID(J40,2,99), J40) -> Summary!E7 | K41: ="Summary!" & IF(LEFT(K40,1)="D", CHAR(CODE(LEFT(K40,1)) + 1)&MID(K40,2,99), K40) -> Summary!E7
I42: Cache Value: | J42: {=IF(LEFT(J40,1)="D", IF(J39=INDIRECT(J41), "with and without cache", "with cache"), IF(LEFT(J40,1)="E", "without cache", "Incorrect cache location" ) )} -> with and without cache | K42: {=IF(LEFT(K40,1)="D", IF(K39=INDIRECT(K41), "with and without cache", "with cache"), IF(LEFT(K40,1)="E", "without cache", "Incorrect cache location" ) )} -> with and without cache
I43: Device Location: | J43: ="Summary!" & IF(LEFT(J40,1)="D", CHAR(CODE(LEFT(J40,1)) - 1) & MID(J40,2,99), CHAR(CODE(LEFT(J40,1)) - 2) & MID(J40,2,99) ) -> Summary!C7 | K43: ="Summary!" & IF(LEFT(K40,1)="D", CHAR(CODE(LEFT(K40,1)) - 1) & MID(K40,2,99), CHAR(CODE(LEFT(K40,1)) - 2) & MID(K40,2,99) ) -> Summary!C7
I44: Page Location: | J44: ="Summary!" & CHAR(CODE(LEFT(J40,1)) - IF(LEFT(J40,1)="E", 3, IF(LEFT(J40,1)="D", 2, 0) ) ) & (MID(J40,2,99) - IF(LEFT(J40,1)="E", 0, IF(LEFT(J40,1)="D", 0, 0) ) ) -> Summary!B7 | K44: ="Summary!" & CHAR(CODE(LEFT(K40,1)) - IF(LEFT(K40,1)="E", 3, IF(LEFT(K40,1)="D", 2, 0) ) ) & (MID(K40,2,99) - IF(LEFT(K40,1)="E", 1, IF(LEFT(K40,1)="D", 0, 0) ) ) -> Summary!B7
I45: Page Value: | J45: {=IF(INDIRECT(J44)=0, IF(INDIRECT(LEFT(J44,FIND("!",J44)) & LEFT(RIGHT(J44,LEN(J44)-FIND("!",J44)),1) & (MID(RIGHT(J44,LEN(J44)-FIND("!",J44)),2,99)-3))=0, INDIRECT(LEFT(J44,FIND("!",J44)) & LEFT(RIGHT(J44,LEN(J44)-FIND("!",J44)),1) & (MID(RIGHT(J44,LEN(J44)-FIND("!",J44)),2,99)-1)), INDIRECT(LEFT(J44,FIND("!",J44)) & LEFT(RIGHT(J44,LEN(J44)-FIND("!",J44)),1) & (MID(RIGHT(J44,LEN(J44)-FIND("!",J44)),2,99)-3)) ), INDIRECT(J44) )} -> 01_Home | K45: {=IF(INDIRECT(K44)=0, IF(INDIRECT(LEFT(K44,FIND("!",K44)) & LEFT(RIGHT(K44,LEN(K44)-FIND("!",K44)),1) & (MID(RIGHT(K44,LEN(K44)-FIND("!",K44)),2,99)-3))=0, INDIRECT(LEFT(K44,FIND("!",K44)) & LEFT(RIGHT(K44,LEN(K44)-FIND("!",K44)),1) & (MID(RIGHT(K44,LEN(K44)-FIND("!",K44)),2,99)-1)), INDIRECT(LEFT(K44,FIND("!",K44)) & LEFT(RIGHT(K44,LEN(K44)-FIND("!",K44)),1) & (MID(RIGHT(K44,LEN(K44)-FIND("!",K44)),2,99)+1)) ), INDIRECT(K44) )} -> 01_Home
I46: Trimmed Value: | J46: =RIGHT(J45, LEN(J45) - 3) -> Home | K46: =RIGHT(K45, LEN(K45) - 3) -> Home
